accession,organism,kingdom,phylum,class,order,family,genus,full_taxonomy
NC_000913,Escherichia coli str. K-12 substr. MG1655,Bacteria,Pseudomonadati,Pseudomonadota,Gammaproteobacteria,Enterobacterales,Enterobacteriaceae,Bacteria; Pseudomonadati; Pseudomonadota; Gammaproteobacteria; Enterobacterales; Enterobacteriaceae; Escherichia
NZ_CP098739,Escherichia coli,Bacteria,Pseudomonadati,Pseudomonadota,Gammaproteobacteria,Enterobacterales,Enterobacteriaceae,Bacteria; Pseudomonadati; Pseudomonadota; Gammaproteobacteria; Enterobacterales; Enterobacteriaceae; Escherichia
NZ_CP051466,Bacillus subtilis subsp. subtilis,Bacteria,Bacillati,Bacillota,Bacilli,Bacillales,Bacillaceae,Bacteria; Bacillati; Bacillota; Bacilli; Bacillales; Bacillaceae; Bacillus
NZ_CP051465,Bacillus subtilis subsp. subtilis,Bacteria,Bacillati,Bacillota,Bacilli,Bacillales,Bacillaceae,Bacteria; Bacillati; Bacillota; Bacilli; Bacillales; Bacillaceae; Bacillus
NZ_CP021169,Bacillus subtilis,Bacteria,Bacillati,Bacillota,Bacilli,Bacillales,Bacillaceae,Bacteria; Bacillati; Bacillota; Bacilli; Bacillales; Bacillaceae; Bacillus
NZ_JPVX00000000,Bacillus subtilis subsp. subtilis,Bacteria,Bacillati,Bacillota,Bacilli,Bacillales,Bacillaceae,Bacteria; Bacillati; Bacillota; Bacilli; Bacillales; Bacillaceae; Bacillus
NZ_JNCN00000000,Bacillus subtilis,Bacteria,Bacillati,Bacillota,Bacilli,Bacillales,Bacillaceae,Bacteria; Bacillati; Bacillota; Bacilli; Bacillales; Bacillaceae; Bacillus
NZ_JPVW00000000,Bacillus subtilis subsp. subtilis,Bacteria,Bacillati,Bacillota,Bacilli,Bacillales,Bacillaceae,Bacteria; Bacillati; Bacillota; Bacilli; Bacillales; Bacillaceae; Bacillus
NZ_CP010053,Bacillus subtilis,Bacteria,Bacillati,Bacillota,Bacilli,Bacillales,Bacillaceae,Bacteria; Bacillati; Bacillota; Bacilli; Bacillales; Bacillaceae; Bacillus
NZ_CP010052,Bacillus subtilis subsp. subtilis str. 168,Bacteria,Bacillati,Bacillota,Bacilli,Bacillales,Bacillaceae,Bacteria; Bacillati; Bacillota; Bacilli; Bacillales; Bacillaceae; Bacillus
NZ_JNCM00000000,Bacillus subtilis subsp. subtilis str. 168,Bacteria,Bacillati,Bacillota,Bacilli,Bacillales,Bacillaceae,Bacteria; Bacillati; Bacillota; Bacilli; Bacillales; Bacillaceae; Bacillus
NZ_NHTF00000000,Escherichia coli,Bacteria,Pseudomonadati,Pseudomonadota,Gammaproteobacteria,Enterobacterales,Enterobacteriaceae,Bacteria; Pseudomonadati; Pseudomonadota; Gammaproteobacteria; Enterobacterales; Enterobacteriaceae; Escherichia
NZ_CP091170,Escherichia coli,Bacteria,Pseudomonadati,Pseudomonadota,Gammaproteobacteria,Enterobacterales,Enterobacteriaceae,Bacteria; Pseudomonadati; Pseudomonadota; Gammaproteobacteria; Enterobacterales; Enterobacteriaceae; Escherichia
NZ_CP091165,Escherichia coli,Bacteria,Pseudomonadati,Pseudomonadota,Gammaproteobacteria,Enterobacterales,Enterobacteriaceae,Bacteria; Pseudomonadati; Pseudomonadota; Gammaproteobacteria; Enterobacterales; Enterobacteriaceae; Escherichia
NZ_CP091156,Escherichia coli,Bacteria,Pseudomonadati,Pseudomonadota,Gammaproteobacteria,Enterobacterales,Enterobacteriaceae,Bacteria; Pseudomonadati; Pseudomonadota; Gammaproteobacteria; Enterobacterales; Enterobacteriaceae; Escherichia
NZ_CP091169,Escherichia coli,Bacteria,Pseudomonadati,Pseudomonadota,Gammaproteobacteria,Enterobacterales,Enterobacteriaceae,Bacteria; Pseudomonadati; Pseudomonadota; Gammaproteobacteria; Enterobacterales; Enterobacteriaceae; Escherichia
NZ_CP091171,Escherichia coli,Bacteria,Pseudomonadati,Pseudomonadota,Gammaproteobacteria,Enterobacterales,Enterobacteriaceae,Bacteria; Pseudomonadati; Pseudomonadota; Gammaproteobacteria; Enterobacterales; Enterobacteriaceae; Escherichia
NZ_CP091168,Escherichia coli,Bacteria,Pseudomonadati,Pseudomonadota,Gammaproteobacteria,Enterobacterales,Enterobacteriaceae,Bacteria; Pseudomonadati; Pseudomonadota; Gammaproteobacteria; Enterobacterales; Enterobacteriaceae; Escherichia
NZ_CP091155,Escherichia coli,Bacteria,Pseudomonadati,Pseudomonadota,Gammaproteobacteria,Enterobacterales,Enterobacteriaceae,Bacteria; Pseudomonadati; Pseudomonadota; Gammaproteobacteria; Enterobacterales; Enterobacteriaceae; Escherichia
NZ_CP091159,Escherichia coli,Bacteria,Pseudomonadati,Pseudomonadota,Gammaproteobacteria,Enterobacterales,Enterobacteriaceae,Bacteria; Pseudomonadati; Pseudomonadota; Gammaproteobacteria; Enterobacterales; Enterobacteriaceae; Escherichia
NZ_CP091167,Escherichia coli,Bacteria,Pseudomonadati,Pseudomonadota,Gammaproteobacteria,Enterobacterales,Enterobacteriaceae,Bacteria; Pseudomonadati; Pseudomonadota; Gammaproteobacteria; Enterobacterales; Enterobacteriaceae; Escherichia
NZ_CP091162,Escherichia coli,Bacteria,Pseudomonadati,Pseudomonadota,Gammaproteobacteria,Enterobacterales,Enterobacteriaceae,Bacteria; Pseudomonadati; Pseudomonadota; Gammaproteobacteria; Enterobacterales; Enterobacteriaceae; Escherichia
NZ_CP091160,Escherichia coli,Bacteria,Pseudomonadati,Pseudomonadota,Gammaproteobacteria,Enterobacterales,Enterobacteriaceae,Bacteria; Pseudomonadati; Pseudomonadota; Gammaproteobacteria; Enterobacterales; Enterobacteriaceae; Escherichia
NZ_CP091166,Escherichia coli,Bacteria,Pseudomonadati,Pseudomonadota,Gammaproteobacteria,Enterobacterales,Enterobacteriaceae,Bacteria; Pseudomonadati; Pseudomonadota; Gammaproteobacteria; Enterobacterales; Enterobacteriaceae; Escherichia
NZ_CP091158,Escherichia coli,Bacteria,Pseudomonadati,Pseudomonadota,Gammaproteobacteria,Enterobacterales,Enterobacteriaceae,Bacteria; Pseudomonadati; Pseudomonadota; Gammaproteobacteria; Enterobacterales; Enterobacteriaceae; Escherichia
NZ_CP091163,Escherichia coli,Bacteria,Pseudomonadati,Pseudomonadota,Gammaproteobacteria,Enterobacterales,Enterobacteriaceae,Bacteria; Pseudomonadati; Pseudomonadota; Gammaproteobacteria; Enterobacterales; Enterobacteriaceae; Escherichia
NZ_CP091298,Escherichia coli,Bacteria,Pseudomonadati,Pseudomonadota,Gammaproteobacteria,Enterobacterales,Enterobacteriaceae,Bacteria; Pseudomonadati; Pseudomonadota; Gammaproteobacteria; Enterobacterales; Enterobacteriaceae; Escherichia
NZ_CP172400,Staphylococcus saprophyticus,Bacteria,Bacillati,Bacillota,Bacilli,Bacillales,Staphylococcaceae,Bacteria; Bacillati; Bacillota; Bacilli; Bacillales; Staphylococcaceae; Staphylococcus
CP172400,Staphylococcus saprophyticus,Bacteria,Bacillati,Bacillota,Bacilli,Bacillales,Staphylococcaceae,Bacteria; Bacillati; Bacillota; Bacilli; Bacillales; Staphylococcaceae; Staphylococcus
NZ_CP075344,Bacillus subtilis subsp. subtilis,Bacteria,Bacillati,Bacillota,Bacilli,Bacillales,Bacillaceae,Bacteria; Bacillati; Bacillota; Bacilli; Bacillales; Bacillaceae; Bacillus
NZ_CP091164,Escherichia coli,Bacteria,Pseudomonadati,Pseudomonadota,Gammaproteobacteria,Enterobacterales,Enterobacteriaceae,Bacteria; Pseudomonadati; Pseudomonadota; Gammaproteobacteria; Enterobacterales; Enterobacteriaceae; Escherichia
NZ_CP032679,Escherichia coli str. K-12 substr. MG1655,Bacteria,Pseudomonadati,Pseudomonadota,Gammaproteobacteria,Enterobacterales,Enterobacteriaceae,Bacteria; Pseudomonadati; Pseudomonadota; Gammaproteobacteria; Enterobacterales; Enterobacteriaceae; Escherichia
NZ_CP016852,Bacillus subtilis subsp. subtilis,Bacteria,Bacillati,Bacillota,Bacilli,Bacillales,Bacillaceae,Bacteria; Bacillati; Bacillota; Bacilli; Bacillales; Bacillaceae; Bacillus
NZ_CP015004,Bacillus subtilis,Bacteria,Bacillati,Bacillota,Bacilli,Bacillales,Bacillaceae,Bacteria; Bacillati; Bacillota; Bacilli; Bacillales; Bacillaceae; Bacillus
CP075344,Bacillus subtilis subsp. subtilis,Bacteria,Bacillati,Bacillota,Bacilli,Bacillales,Bacillaceae,Bacteria; Bacillati; Bacillota; Bacilli; Bacillales; Bacillaceae; Bacillus
CP098739,Escherichia coli,Bacteria,Pseudomonadati,Pseudomonadota,Gammaproteobacteria,Enterobacterales,Enterobacteriaceae,Bacteria; Pseudomonadati; Pseudomonadota; Gammaproteobacteria; Enterobacterales; Enterobacteriaceae; Escherichia
CP091171,Escherichia coli,Bacteria,Pseudomonadati,Pseudomonadota,Gammaproteobacteria,Enterobacterales,Enterobacteriaceae,Bacteria; Pseudomonadati; Pseudomonadota; Gammaproteobacteria; Enterobacterales; Enterobacteriaceae; Escherichia
CP091170,Escherichia coli,Bacteria,Pseudomonadati,Pseudomonadota,Gammaproteobacteria,Enterobacterales,Enterobacteriaceae,Bacteria; Pseudomonadati; Pseudomonadota; Gammaproteobacteria; Enterobacterales; Enterobacteriaceae; Escherichia
CP091169,Escherichia coli,Bacteria,Pseudomonadati,Pseudomonadota,Gammaproteobacteria,Enterobacterales,Enterobacteriaceae,Bacteria; Pseudomonadati; Pseudomonadota; Gammaproteobacteria; Enterobacterales; Enterobacteriaceae; Escherichia
CP091168,Escherichia coli,Bacteria,Pseudomonadati,Pseudomonadota,Gammaproteobacteria,Enterobacterales,Enterobacteriaceae,Bacteria; Pseudomonadati; Pseudomonadota; Gammaproteobacteria; Enterobacterales; Enterobacteriaceae; Escherichia
CP091167,Escherichia coli,Bacteria,Pseudomonadati,Pseudomonadota,Gammaproteobacteria,Enterobacterales,Enterobacteriaceae,Bacteria; Pseudomonadati; Pseudomonadota; Gammaproteobacteria; Enterobacterales; Enterobacteriaceae; Escherichia
CP091166,Escherichia coli,Bacteria,Pseudomonadati,Pseudomonadota,Gammaproteobacteria,Enterobacterales,Enterobacteriaceae,Bacteria; Pseudomonadati; Pseudomonadota; Gammaproteobacteria; Enterobacterales; Enterobacteriaceae; Escherichia
CP091165,Escherichia coli,Bacteria,Pseudomonadati,Pseudomonadota,Gammaproteobacteria,Enterobacterales,Enterobacteriaceae,Bacteria; Pseudomonadati; Pseudomonadota; Gammaproteobacteria; Enterobacterales; Enterobacteriaceae; Escherichia
CP091164,Escherichia coli,Bacteria,Pseudomonadati,Pseudomonadota,Gammaproteobacteria,Enterobacterales,Enterobacteriaceae,Bacteria; Pseudomonadati; Pseudomonadota; Gammaproteobacteria; Enterobacterales; Enterobacteriaceae; Escherichia
CP091163,Escherichia coli,Bacteria,Pseudomonadati,Pseudomonadota,Gammaproteobacteria,Enterobacterales,Enterobacteriaceae,Bacteria; Pseudomonadati; Pseudomonadota; Gammaproteobacteria; Enterobacterales; Enterobacteriaceae; Escherichia
CP091162,Escherichia coli,Bacteria,Pseudomonadati,Pseudomonadota,Gammaproteobacteria,Enterobacterales,Enterobacteriaceae,Bacteria; Pseudomonadati; Pseudomonadota; Gammaproteobacteria; Enterobacterales; Enterobacteriaceae; Escherichia
CP091298,Escherichia coli,Bacteria,Pseudomonadati,Pseudomonadota,Gammaproteobacteria,Enterobacterales,Enterobacteriaceae,Bacteria; Pseudomonadati; Pseudomonadota; Gammaproteobacteria; Enterobacterales; Enterobacteriaceae; Escherichia
CP091160,Escherichia coli,Bacteria,Pseudomonadati,Pseudomonadota,Gammaproteobacteria,Enterobacterales,Enterobacteriaceae,Bacteria; Pseudomonadati; Pseudomonadota; Gammaproteobacteria; Enterobacterales; Enterobacteriaceae; Escherichia
CP091159,Escherichia coli,Bacteria,Pseudomonadati,Pseudomonadota,Gammaproteobacteria,Enterobacterales,Enterobacteriaceae,Bacteria; Pseudomonadati; Pseudomonadota; Gammaproteobacteria; Enterobacterales; Enterobacteriaceae; Escherichia
CP091158,Escherichia coli,Bacteria,Pseudomonadati,Pseudomonadota,Gammaproteobacteria,Enterobacterales,Enterobacteriaceae,Bacteria; Pseudomonadati; Pseudomonadota; Gammaproteobacteria; Enterobacterales; Enterobacteriaceae; Escherichia
CP091156,Escherichia coli,Bacteria,Pseudomonadati,Pseudomonadota,Gammaproteobacteria,Enterobacterales,Enterobacteriaceae,Bacteria; Pseudomonadati; Pseudomonadota; Gammaproteobacteria; Enterobacterales; Enterobacteriaceae; Escherichia
CP091157,Escherichia coli,Bacteria,Pseudomonadati,Pseudomonadota,Gammaproteobacteria,Enterobacterales,Enterobacteriaceae,Bacteria; Pseudomonadati; Pseudomonadota; Gammaproteobacteria; Enterobacterales; Enterobacteriaceae; Escherichia
CP091155,Escherichia coli,Bacteria,Pseudomonadati,Pseudomonadota,Gammaproteobacteria,Enterobacterales,Enterobacteriaceae,Bacteria; Pseudomonadati; Pseudomonadota; Gammaproteobacteria; Enterobacterales; Enterobacteriaceae; Escherichia
MQ110431,Escherichia coli,Bacteria,Pseudomonadati,Pseudomonadota,Gammaproteobacteria,Enterobacterales,Enterobacteriaceae,Bacteria; Pseudomonadati; Pseudomonadota; Gammaproteobacteria; Enterobacterales; Enterobacteriaceae; Escherichia
MQ110430,Escherichia coli,Bacteria,Pseudomonadati,Pseudomonadota,Gammaproteobacteria,Enterobacterales,Enterobacteriaceae,Bacteria; Pseudomonadati; Pseudomonadota; Gammaproteobacteria; Enterobacterales; Enterobacteriaceae; Escherichia
MQ110429,Escherichia coli,Bacteria,Pseudomonadati,Pseudomonadota,Gammaproteobacteria,Enterobacterales,Enterobacteriaceae,Bacteria; Pseudomonadati; Pseudomonadota; Gammaproteobacteria; Enterobacterales; Enterobacteriaceae; Escherichia
NC_000964,Bacillus subtilis subsp. subtilis str. 168,Bacteria,Bacillati,Bacillota,Bacilli,Bacillales,Bacillaceae,Bacteria; Bacillati; Bacillota; Bacilli; Bacillales; Bacillaceae; Bacillus
CP032679,Escherichia coli str. K-12 substr. MG1655,Bacteria,Pseudomonadati,Pseudomonadota,Gammaproteobacteria,Enterobacterales,Enterobacteriaceae,Bacteria; Pseudomonadati; Pseudomonadota; Gammaproteobacteria; Enterobacterales; Enterobacteriaceae; Escherichia
CP051466,Bacillus subtilis subsp. subtilis,Bacteria,Bacillati,Bacillota,Bacilli,Bacillales,Bacillaceae,Bacteria; Bacillati; Bacillota; Bacilli; Bacillales; Bacillaceae; Bacillus
CP051465,Bacillus subtilis subsp. subtilis,Bacteria,Bacillati,Bacillota,Bacilli,Bacillales,Bacillaceae,Bacteria; Bacillati; Bacillota; Bacilli; Bacillales; Bacillaceae; Bacillus
NHTF00000000,Escherichia coli,Bacteria,Pseudomonadati,Pseudomonadota,Gammaproteobacteria,Enterobacterales,Enterobacteriaceae,Bacteria; Pseudomonadati; Pseudomonadota; Gammaproteobacteria; Enterobacterales; Enterobacteriaceae; Escherichia
NHTF01000001,Escherichia coli,Bacteria,Pseudomonadati,Pseudomonadota,Gammaproteobacteria,Enterobacterales,Enterobacteriaceae,Bacteria; Pseudomonadati; Pseudomonadota; Gammaproteobacteria; Enterobacterales; Enterobacteriaceae; Escherichia
NHTF01000002,Escherichia coli,Bacteria,Pseudomonadati,Pseudomonadota,Gammaproteobacteria,Enterobacterales,Enterobacteriaceae,Bacteria; Pseudomonadati; Pseudomonadota; Gammaproteobacteria; Enterobacterales; Enterobacteriaceae; Escherichia
NHTF01000003,Escherichia coli,Bacteria,Pseudomonadati,Pseudomonadota,Gammaproteobacteria,Enterobacterales,Enterobacteriaceae,Bacteria; Pseudomonadati; Pseudomonadota; Gammaproteobacteria; Enterobacterales; Enterobacteriaceae; Escherichia
NHTF01000004,Escherichia coli,Bacteria,Pseudomonadati,Pseudomonadota,Gammaproteobacteria,Enterobacterales,Enterobacteriaceae,Bacteria; Pseudomonadati; Pseudomonadota; Gammaproteobacteria; Enterobacterales; Enterobacteriaceae; Escherichia
NHTF01000005,Escherichia coli,Bacteria,Pseudomonadati,Pseudomonadota,Gammaproteobacteria,Enterobacterales,Enterobacteriaceae,Bacteria; Pseudomonadati; Pseudomonadota; Gammaproteobacteria; Enterobacterales; Enterobacteriaceae; Escherichia
NHTF01000006,Escherichia coli,Bacteria,Pseudomonadati,Pseudomonadota,Gammaproteobacteria,Enterobacterales,Enterobacteriaceae,Bacteria; Pseudomonadati; Pseudomonadota; Gammaproteobacteria; Enterobacterales; Enterobacteriaceae; Escherichia
NHTF01000007,Escherichia coli,Bacteria,Pseudomonadati,Pseudomonadota,Gammaproteobacteria,Enterobacterales,Enterobacteriaceae,Bacteria; Pseudomonadati; Pseudomonadota; Gammaproteobacteria; Enterobacterales; Enterobacteriaceae; Escherichia
NHTF01000008,Escherichia coli,Bacteria,Pseudomonadati,Pseudomonadota,Gammaproteobacteria,Enterobacterales,Enterobacteriaceae,Bacteria; Pseudomonadati; Pseudomonadota; Gammaproteobacteria; Enterobacterales; Enterobacteriaceae; Escherichia
NHTF01000009,Escherichia coli,Bacteria,Pseudomonadati,Pseudomonadota,Gammaproteobacteria,Enterobacterales,Enterobacteriaceae,Bacteria; Pseudomonadati; Pseudomonadota; Gammaproteobacteria; Enterobacterales; Enterobacteriaceae; Escherichia
NHTF01000010,Escherichia coli,Bacteria,Pseudomonadati,Pseudomonadota,Gammaproteobacteria,Enterobacterales,Enterobacteriaceae,Bacteria; Pseudomonadati; Pseudomonadota; Gammaproteobacteria; Enterobacterales; Enterobacteriaceae; Escherichia
NHTF01000011,Escherichia coli,Bacteria,Pseudomonadati,Pseudomonadota,Gammaproteobacteria,Enterobacterales,Enterobacteriaceae,Bacteria; Pseudomonadati; Pseudomonadota; Gammaproteobacteria; Enterobacterales; Enterobacteriaceae; Escherichia
NHTF01000012,Escherichia coli,Bacteria,Pseudomonadati,Pseudomonadota,Gammaproteobacteria,Enterobacterales,Enterobacteriaceae,Bacteria; Pseudomonadati; Pseudomonadota; Gammaproteobacteria; Enterobacterales; Enterobacteriaceae; Escherichia
NHTF01000013,Escherichia coli,Bacteria,Pseudomonadati,Pseudomonadota,Gammaproteobacteria,Enterobacterales,Enterobacteriaceae,Bacteria; Pseudomonadati; Pseudomonadota; Gammaproteobacteria; Enterobacterales; Enterobacteriaceae; Escherichia
NHTF01000014,Escherichia coli,Bacteria,Pseudomonadati,Pseudomonadota,Gammaproteobacteria,Enterobacterales,Enterobacteriaceae,Bacteria; Pseudomonadati; Pseudomonadota; Gammaproteobacteria; Enterobacterales; Enterobacteriaceae; Escherichia
NHTF01000015,Escherichia coli,Bacteria,Pseudomonadati,Pseudomonadota,Gammaproteobacteria,Enterobacterales,Enterobacteriaceae,Bacteria; Pseudomonadati; Pseudomonadota; Gammaproteobacteria; Enterobacterales; Enterobacteriaceae; Escherichia
NHTF01000016,Escherichia coli,Bacteria,Pseudomonadati,Pseudomonadota,Gammaproteobacteria,Enterobacterales,Enterobacteriaceae,Bacteria; Pseudomonadati; Pseudomonadota; Gammaproteobacteria; Enterobacterales; Enterobacteriaceae; Escherichia
NHTF01000017,Escherichia coli,Bacteria,Pseudomonadati,Pseudomonadota,Gammaproteobacteria,Enterobacterales,Enterobacteriaceae,Bacteria; Pseudomonadati; Pseudomonadota; Gammaproteobacteria; Enterobacterales; Enterobacteriaceae; Escherichia
NHTF01000018,Escherichia coli,Bacteria,Pseudomonadati,Pseudomonadota,Gammaproteobacteria,Enterobacterales,Enterobacteriaceae,Bacteria; Pseudomonadati; Pseudomonadota; Gammaproteobacteria; Enterobacterales; Enterobacteriaceae; Escherichia
NHTF01000019,Escherichia coli,Bacteria,Pseudomonadati,Pseudomonadota,Gammaproteobacteria,Enterobacterales,Enterobacteriaceae,Bacteria; Pseudomonadati; Pseudomonadota; Gammaproteobacteria; Enterobacterales; Enterobacteriaceae; Escherichia
NHTF01000020,Escherichia coli,Bacteria,Pseudomonadati,Pseudomonadota,Gammaproteobacteria,Enterobacterales,Enterobacteriaceae,Bacteria; Pseudomonadati; Pseudomonadota; Gammaproteobacteria; Enterobacterales; Enterobacteriaceae; Escherichia
NHTF01000021,Escherichia coli,Bacteria,Pseudomonadati,Pseudomonadota,Gammaproteobacteria,Enterobacterales,Enterobacteriaceae,Bacteria; Pseudomonadati; Pseudomonadota; Gammaproteobacteria; Enterobacterales; Enterobacteriaceae; Escherichia
NHTF01000022,Escherichia coli,Bacteria,Pseudomonadati,Pseudomonadota,Gammaproteobacteria,Enterobacterales,Enterobacteriaceae,Bacteria; Pseudomonadati; Pseudomonadota; Gammaproteobacteria; Enterobacterales; Enterobacteriaceae; Escherichia
NHTF01000023,Escherichia coli,Bacteria,Pseudomonadati,Pseudomonadota,Gammaproteobacteria,Enterobacterales,Enterobacteriaceae,Bacteria; Pseudomonadati; Pseudomonadota; Gammaproteobacteria; Enterobacterales; Enterobacteriaceae; Escherichia
NHTF01000024,Escherichia coli,Bacteria,Pseudomonadati,Pseudomonadota,Gammaproteobacteria,Enterobacterales,Enterobacteriaceae,Bacteria; Pseudomonadati; Pseudomonadota; Gammaproteobacteria; Enterobacterales; Enterobacteriaceae; Escherichia
NHTF01000025,Escherichia coli,Bacteria,Pseudomonadati,Pseudomonadota,Gammaproteobacteria,Enterobacterales,Enterobacteriaceae,Bacteria; Pseudomonadati; Pseudomonadota; Gammaproteobacteria; Enterobacterales; Enterobacteriaceae; Escherichia
NHTF01000026,Escherichia coli,Bacteria,Pseudomonadati,Pseudomonadota,Gammaproteobacteria,Enterobacterales,Enterobacteriaceae,Bacteria; Pseudomonadati; Pseudomonadota; Gammaproteobacteria; Enterobacterales; Enterobacteriaceae; Escherichia
NHTF01000027,Escherichia coli,Bacteria,Pseudomonadati,Pseudomonadota,Gammaproteobacteria,Enterobacterales,Enterobacteriaceae,Bacteria; Pseudomonadati; Pseudomonadota; Gammaproteobacteria; Enterobacterales; Enterobacteriaceae; Escherichia
NHTF01000028,Escherichia coli,Bacteria,Pseudomonadati,Pseudomonadota,Gammaproteobacteria,Enterobacterales,Enterobacteriaceae,Bacteria; Pseudomonadati; Pseudomonadota; Gammaproteobacteria; Enterobacterales; Enterobacteriaceae; Escherichia
NHTF01000029,Escherichia coli,Bacteria,Pseudomonadati,Pseudomonadota,Gammaproteobacteria,Enterobacterales,Enterobacteriaceae,Bacteria; Pseudomonadati; Pseudomonadota; Gammaproteobacteria; Enterobacterales; Enterobacteriaceae; Escherichia
NHTF01000030,Escherichia coli,Bacteria,Pseudomonadati,Pseudomonadota,Gammaproteobacteria,Enterobacterales,Enterobacteriaceae,Bacteria; Pseudomonadati; Pseudomonadota; Gammaproteobacteria; Enterobacterales; Enterobacteriaceae; Escherichia
NHTF01000031,Escherichia coli,Bacteria,Pseudomonadati,Pseudomonadota,Gammaproteobacteria,Enterobacterales,Enterobacteriaceae,Bacteria; Pseudomonadati; Pseudomonadota; Gammaproteobacteria; Enterobacterales; Enterobacteriaceae; Escherichia
NHTF01000032,Escherichia coli,Bacteria,Pseudomonadati,Pseudomonadota,Gammaproteobacteria,Enterobacterales,Enterobacteriaceae,Bacteria; Pseudomonadati; Pseudomonadota; Gammaproteobacteria; Enterobacterales; Enterobacteriaceae; Escherichia
NHTF01000033,Escherichia coli,Bacteria,Pseudomonadati,Pseudomonadota,Gammaproteobacteria,Enterobacterales,Enterobacteriaceae,Bacteria; Pseudomonadati; Pseudomonadota; Gammaproteobacteria; Enterobacterales; Enterobacteriaceae; Escherichia
NHTF01000034,Escherichia coli,Bacteria,Pseudomonadati,Pseudomonadota,Gammaproteobacteria,Enterobacterales,Enterobacteriaceae,Bacteria; Pseudomonadati; Pseudomonadota; Gammaproteobacteria; Enterobacterales; Enterobacteriaceae; Escherichia
NHTF01000035,Escherichia coli,Bacteria,Pseudomonadati,Pseudomonadota,Gammaproteobacteria,Enterobacterales,Enterobacteriaceae,Bacteria; Pseudomonadati; Pseudomonadota; Gammaproteobacteria; Enterobacterales; Enterobacteriaceae; Escherichia
NHTF01000036,Escherichia coli,Bacteria,Pseudomonadati,Pseudomonadota,Gammaproteobacteria,Enterobacterales,Enterobacteriaceae,Bacteria; Pseudomonadati; Pseudomonadota; Gammaproteobacteria; Enterobacterales; Enterobacteriaceae; Escherichia
NHTF01000037,Escherichia coli,Bacteria,Pseudomonadati,Pseudomonadota,Gammaproteobacteria,Enterobacterales,Enterobacteriaceae,Bacteria; Pseudomonadati; Pseudomonadota; Gammaproteobacteria; Enterobacterales; Enterobacteriaceae; Escherichia
NHTF01000038,Escherichia coli,Bacteria,Pseudomonadati,Pseudomonadota,Gammaproteobacteria,Enterobacterales,Enterobacteriaceae,Bacteria; Pseudomonadati; Pseudomonadota; Gammaproteobacteria; Enterobacterales; Enterobacteriaceae; Escherichia
NHTF01000039,Escherichia coli,Bacteria,Pseudomonadati,Pseudomonadota,Gammaproteobacteria,Enterobacterales,Enterobacteriaceae,Bacteria; Pseudomonadati; Pseudomonadota; Gammaproteobacteria; Enterobacterales; Enterobacteriaceae; Escherichia
NHTF01000040,Escherichia coli,Bacteria,Pseudomonadati,Pseudomonadota,Gammaproteobacteria,Enterobacterales,Enterobacteriaceae,Bacteria; Pseudomonadati; Pseudomonadota; Gammaproteobacteria; Enterobacterales; Enterobacteriaceae; Escherichia
NHTF01000041,Escherichia coli,Bacteria,Pseudomonadati,Pseudomonadota,Gammaproteobacteria,Enterobacterales,Enterobacteriaceae,Bacteria; Pseudomonadati; Pseudomonadota; Gammaproteobacteria; Enterobacterales; Enterobacteriaceae; Escherichia
NHTF01000042,Escherichia coli,Bacteria,Pseudomonadati,Pseudomonadota,Gammaproteobacteria,Enterobacterales,Enterobacteriaceae,Bacteria; Pseudomonadati; Pseudomonadota; Gammaproteobacteria; Enterobacterales; Enterobacteriaceae; Escherichia
NHTF01000043,Escherichia coli,Bacteria,Pseudomonadati,Pseudomonadota,Gammaproteobacteria,Enterobacterales,Enterobacteriaceae,Bacteria; Pseudomonadati; Pseudomonadota; Gammaproteobacteria; Enterobacterales; Enterobacteriaceae; Escherichia
NHTF01000044,Escherichia coli,Bacteria,Pseudomonadati,Pseudomonadota,Gammaproteobacteria,Enterobacterales,Enterobacteriaceae,Bacteria; Pseudomonadati; Pseudomonadota; Gammaproteobacteria; Enterobacterales; Enterobacteriaceae; Escherichia
NHTF01000045,Escherichia coli,Bacteria,Pseudomonadati,Pseudomonadota,Gammaproteobacteria,Enterobacterales,Enterobacteriaceae,Bacteria; Pseudomonadati; Pseudomonadota; Gammaproteobacteria; Enterobacterales; Enterobacteriaceae; Escherichia
NHTF01000046,Escherichia coli,Bacteria,Pseudomonadati,Pseudomonadota,Gammaproteobacteria,Enterobacterales,Enterobacteriaceae,Bacteria; Pseudomonadati; Pseudomonadota; Gammaproteobacteria; Enterobacterales; Enterobacteriaceae; Escherichia
NHTF01000047,Escherichia coli,Bacteria,Pseudomonadati,Pseudomonadota,Gammaproteobacteria,Enterobacterales,Enterobacteriaceae,Bacteria; Pseudomonadati; Pseudomonadota; Gammaproteobacteria; Enterobacterales; Enterobacteriaceae; Escherichia
NHTF01000048,Escherichia coli,Bacteria,Pseudomonadati,Pseudomonadota,Gammaproteobacteria,Enterobacterales,Enterobacteriaceae,Bacteria; Pseudomonadati; Pseudomonadota; Gammaproteobacteria; Enterobacterales; Enterobacteriaceae; Escherichia
NHTF01000049,Escherichia coli,Bacteria,Pseudomonadati,Pseudomonadota,Gammaproteobacteria,Enterobacterales,Enterobacteriaceae,Bacteria; Pseudomonadati; Pseudomonadota; Gammaproteobacteria; Enterobacterales; Enterobacteriaceae; Escherichia
NHTF01000050,Escherichia coli,Bacteria,Pseudomonadati,Pseudomonadota,Gammaproteobacteria,Enterobacterales,Enterobacteriaceae,Bacteria; Pseudomonadati; Pseudomonadota; Gammaproteobacteria; Enterobacterales; Enterobacteriaceae; Escherichia
NHTF01000051,Escherichia coli,Bacteria,Pseudomonadati,Pseudomonadota,Gammaproteobacteria,Enterobacterales,Enterobacteriaceae,Bacteria; Pseudomonadati; Pseudomonadota; Gammaproteobacteria; Enterobacterales; Enterobacteriaceae; Escherichia
NHTF01000052,Escherichia coli,Bacteria,Pseudomonadati,Pseudomonadota,Gammaproteobacteria,Enterobacterales,Enterobacteriaceae,Bacteria; Pseudomonadati; Pseudomonadota; Gammaproteobacteria; Enterobacterales; Enterobacteriaceae; Escherichia
NHTF01000053,Escherichia coli,Bacteria,Pseudomonadati,Pseudomonadota,Gammaproteobacteria,Enterobacterales,Enterobacteriaceae,Bacteria; Pseudomonadati; Pseudomonadota; Gammaproteobacteria; Enterobacterales; Enterobacteriaceae; Escherichia
NHTF01000054,Escherichia coli,Bacteria,Pseudomonadati,Pseudomonadota,Gammaproteobacteria,Enterobacterales,Enterobacteriaceae,Bacteria; Pseudomonadati; Pseudomonadota; Gammaproteobacteria; Enterobacterales; Enterobacteriaceae; Escherichia
NHTF01000055,Escherichia coli,Bacteria,Pseudomonadati,Pseudomonadota,Gammaproteobacteria,Enterobacterales,Enterobacteriaceae,Bacteria; Pseudomonadati; Pseudomonadota; Gammaproteobacteria; Enterobacterales; Enterobacteriaceae; Escherichia
NHTF01000056,Escherichia coli,Bacteria,Pseudomonadati,Pseudomonadota,Gammaproteobacteria,Enterobacterales,Enterobacteriaceae,Bacteria; Pseudomonadati; Pseudomonadota; Gammaproteobacteria; Enterobacterales; Enterobacteriaceae; Escherichia
NHTF01000057,Escherichia coli,Bacteria,Pseudomonadati,Pseudomonadota,Gammaproteobacteria,Enterobacterales,Enterobacteriaceae,Bacteria; Pseudomonadati; Pseudomonadota; Gammaproteobacteria; Enterobacterales; Enterobacteriaceae; Escherichia
NHTF01000058,Escherichia coli,Bacteria,Pseudomonadati,Pseudomonadota,Gammaproteobacteria,Enterobacterales,Enterobacteriaceae,Bacteria; Pseudomonadati; Pseudomonadota; Gammaproteobacteria; Enterobacterales; Enterobacteriaceae; Escherichia
NHTF01000059,Escherichia coli,Bacteria,Pseudomonadati,Pseudomonadota,Gammaproteobacteria,Enterobacterales,Enterobacteriaceae,Bacteria; Pseudomonadati; Pseudomonadota; Gammaproteobacteria; Enterobacterales; Enterobacteriaceae; Escherichia
NHTF01000060,Escherichia coli,Bacteria,Pseudomonadati,Pseudomonadota,Gammaproteobacteria,Enterobacterales,Enterobacteriaceae,Bacteria; Pseudomonadati; Pseudomonadota; Gammaproteobacteria; Enterobacterales; Enterobacteriaceae; Escherichia
NHTF01000061,Escherichia coli,Bacteria,Pseudomonadati,Pseudomonadota,Gammaproteobacteria,Enterobacterales,Enterobacteriaceae,Bacteria; Pseudomonadati; Pseudomonadota; Gammaproteobacteria; Enterobacterales; Enterobacteriaceae; Escherichia
NHTF01000062,Escherichia coli,Bacteria,Pseudomonadati,Pseudomonadota,Gammaproteobacteria,Enterobacterales,Enterobacteriaceae,Bacteria; Pseudomonadati; Pseudomonadota; Gammaproteobacteria; Enterobacterales; Enterobacteriaceae; Escherichia
NHTF01000063,Escherichia coli,Bacteria,Pseudomonadati,Pseudomonadota,Gammaproteobacteria,Enterobacterales,Enterobacteriaceae,Bacteria; Pseudomonadati; Pseudomonadota; Gammaproteobacteria; Enterobacterales; Enterobacteriaceae; Escherichia
NHTF01000064,Escherichia coli,Bacteria,Pseudomonadati,Pseudomonadota,Gammaproteobacteria,Enterobacterales,Enterobacteriaceae,Bacteria; Pseudomonadati; Pseudomonadota; Gammaproteobacteria; Enterobacterales; Enterobacteriaceae; Escherichia
NHTF01000065,Escherichia coli,Bacteria,Pseudomonadati,Pseudomonadota,Gammaproteobacteria,Enterobacterales,Enterobacteriaceae,Bacteria; Pseudomonadati; Pseudomonadota; Gammaproteobacteria; Enterobacterales; Enterobacteriaceae; Escherichia
NHTF01000066,Escherichia coli,Bacteria,Pseudomonadati,Pseudomonadota,Gammaproteobacteria,Enterobacterales,Enterobacteriaceae,Bacteria; Pseudomonadati; Pseudomonadota; Gammaproteobacteria; Enterobacterales; Enterobacteriaceae; Escherichia
NHTF01000067,Escherichia coli,Bacteria,Pseudomonadati,Pseudomonadota,Gammaproteobacteria,Enterobacterales,Enterobacteriaceae,Bacteria; Pseudomonadati; Pseudomonadota; Gammaproteobacteria; Enterobacterales; Enterobacteriaceae; Escherichia
NHTF01000068,Escherichia coli,Bacteria,Pseudomonadati,Pseudomonadota,Gammaproteobacteria,Enterobacterales,Enterobacteriaceae,Bacteria; Pseudomonadati; Pseudomonadota; Gammaproteobacteria; Enterobacterales; Enterobacteriaceae; Escherichia
NHTF01000069,Escherichia coli,Bacteria,Pseudomonadati,Pseudomonadota,Gammaproteobacteria,Enterobacterales,Enterobacteriaceae,Bacteria; Pseudomonadati; Pseudomonadota; Gammaproteobacteria; Enterobacterales; Enterobacteriaceae; Escherichia
NHTF01000070,Escherichia coli,Bacteria,Pseudomonadati,Pseudomonadota,Gammaproteobacteria,Enterobacterales,Enterobacteriaceae,Bacteria; Pseudomonadati; Pseudomonadota; Gammaproteobacteria; Enterobacterales; Enterobacteriaceae; Escherichia
NHTF01000071,Escherichia coli,Bacteria,Pseudomonadati,Pseudomonadota,Gammaproteobacteria,Enterobacterales,Enterobacteriaceae,Bacteria; Pseudomonadati; Pseudomonadota; Gammaproteobacteria; Enterobacterales; Enterobacteriaceae; Escherichia
NHTF01000072,Escherichia coli,Bacteria,Pseudomonadati,Pseudomonadota,Gammaproteobacteria,Enterobacterales,Enterobacteriaceae,Bacteria; Pseudomonadati; Pseudomonadota; Gammaproteobacteria; Enterobacterales; Enterobacteriaceae; Escherichia
NHTF01000073,Escherichia coli,Bacteria,Pseudomonadati,Pseudomonadota,Gammaproteobacteria,Enterobacterales,Enterobacteriaceae,Bacteria; Pseudomonadati; Pseudomonadota; Gammaproteobacteria; Enterobacterales; Enterobacteriaceae; Escherichia
NHTF01000074,Escherichia coli,Bacteria,Pseudomonadati,Pseudomonadota,Gammaproteobacteria,Enterobacterales,Enterobacteriaceae,Bacteria; Pseudomonadati; Pseudomonadota; Gammaproteobacteria; Enterobacterales; Enterobacteriaceae; Escherichia
NHTF01000075,Escherichia coli,Bacteria,Pseudomonadati,Pseudomonadota,Gammaproteobacteria,Enterobacterales,Enterobacteriaceae,Bacteria; Pseudomonadati; Pseudomonadota; Gammaproteobacteria; Enterobacterales; Enterobacteriaceae; Escherichia
NHTF01000076,Escherichia coli,Bacteria,Pseudomonadati,Pseudomonadota,Gammaproteobacteria,Enterobacterales,Enterobacteriaceae,Bacteria; Pseudomonadati; Pseudomonadota; Gammaproteobacteria; Enterobacterales; Enterobacteriaceae; Escherichia
NHTF01000077,Escherichia coli,Bacteria,Pseudomonadati,Pseudomonadota,Gammaproteobacteria,Enterobacterales,Enterobacteriaceae,Bacteria; Pseudomonadati; Pseudomonadota; Gammaproteobacteria; Enterobacterales; Enterobacteriaceae; Escherichia
NHTF01000078,Escherichia coli,Bacteria,Pseudomonadati,Pseudomonadota,Gammaproteobacteria,Enterobacterales,Enterobacteriaceae,Bacteria; Pseudomonadati; Pseudomonadota; Gammaproteobacteria; Enterobacterales; Enterobacteriaceae; Escherichia
NHTF01000079,Escherichia coli,Bacteria,Pseudomonadati,Pseudomonadota,Gammaproteobacteria,Enterobacterales,Enterobacteriaceae,Bacteria; Pseudomonadati; Pseudomonadota; Gammaproteobacteria; Enterobacterales; Enterobacteriaceae; Escherichia
NHTF01000080,Escherichia coli,Bacteria,Pseudomonadati,Pseudomonadota,Gammaproteobacteria,Enterobacterales,Enterobacteriaceae,Bacteria; Pseudomonadati; Pseudomonadota; Gammaproteobacteria; Enterobacterales; Enterobacteriaceae; Escherichia
NHTF01000081,Escherichia coli,Bacteria,Pseudomonadati,Pseudomonadota,Gammaproteobacteria,Enterobacterales,Enterobacteriaceae,Bacteria; Pseudomonadati; Pseudomonadota; Gammaproteobacteria; Enterobacterales; Enterobacteriaceae; Escherichia
NHTF01000082,Escherichia coli,Bacteria,Pseudomonadati,Pseudomonadota,Gammaproteobacteria,Enterobacterales,Enterobacteriaceae,Bacteria; Pseudomonadati; Pseudomonadota; Gammaproteobacteria; Enterobacterales; Enterobacteriaceae; Escherichia
NHTF01000083,Escherichia coli,Bacteria,Pseudomonadati,Pseudomonadota,Gammaproteobacteria,Enterobacterales,Enterobacteriaceae,Bacteria; Pseudomonadati; Pseudomonadota; Gammaproteobacteria; Enterobacterales; Enterobacteriaceae; Escherichia
CP021169,Bacillus subtilis,Bacteria,Bacillati,Bacillota,Bacilli,Bacillales,Bacillaceae,Bacteria; Bacillati; Bacillota; Bacilli; Bacillales; Bacillaceae; Bacillus
CP016852,Bacillus subtilis subsp. subtilis,Bacteria,Bacillati,Bacillota,Bacilli,Bacillales,Bacillaceae,Bacteria; Bacillati; Bacillota; Bacilli; Bacillales; Bacillaceae; Bacillus
CP015004,Bacillus subtilis,Bacteria,Bacillati,Bacillota,Bacilli,Bacillales,Bacillaceae,Bacteria; Bacillati; Bacillota; Bacilli; Bacillales; Bacillaceae; Bacillus
JNCM00000000,Bacillus subtilis subsp. subtilis str. 168,Bacteria,Bacillati,Bacillota,Bacilli,Bacillales,Bacillaceae,Bacteria; Bacillati; Bacillota; Bacilli; Bacillales; Bacillaceae; Bacillus
CP010053,Bacillus subtilis,Bacteria,Bacillati,Bacillota,Bacilli,Bacillales,Bacillaceae,Bacteria; Bacillati; Bacillota; Bacilli; Bacillales; Bacillaceae; Bacillus
CP010052,Bacillus subtilis subsp. subtilis str. 168,Bacteria,Bacillati,Bacillota,Bacilli,Bacillales,Bacillaceae,Bacteria; Bacillati; Bacillota; Bacilli; Bacillales; Bacillaceae; Bacillus
JPVX00000000,Bacillus subtilis subsp. subtilis,Bacteria,Bacillati,Bacillota,Bacilli,Bacillales,Bacillaceae,Bacteria; Bacillati; Bacillota; Bacilli; Bacillales; Bacillaceae; Bacillus
JPVW00000000,Bacillus subtilis subsp. subtilis,Bacteria,Bacillati,Bacillota,Bacilli,Bacillales,Bacillaceae,Bacteria; Bacillati; Bacillota; Bacilli; Bacillales; Bacillaceae; Bacillus
JPVX01000001,Bacillus subtilis subsp. subtilis,Bacteria,Bacillati,Bacillota,Bacilli,Bacillales,Bacillaceae,Bacteria; Bacillati; Bacillota; Bacilli; Bacillales; Bacillaceae; Bacillus
JPVW01000001,Bacillus subtilis subsp. subtilis,Bacteria,Bacillati,Bacillota,Bacilli,Bacillales,Bacillaceae,Bacteria; Bacillati; Bacillota; Bacilli; Bacillales; Bacillaceae; Bacillus
JPVX01000002,Bacillus subtilis subsp. subtilis,Bacteria,Bacillati,Bacillota,Bacilli,Bacillales,Bacillaceae,Bacteria; Bacillati; Bacillota; Bacilli; Bacillales; Bacillaceae; Bacillus
JPVW01000002,Bacillus subtilis subsp. subtilis,Bacteria,Bacillati,Bacillota,Bacilli,Bacillales,Bacillaceae,Bacteria; Bacillati; Bacillota; Bacilli; Bacillales; Bacillaceae; Bacillus
JPVX01000003,Bacillus subtilis subsp. subtilis,Bacteria,Bacillati,Bacillota,Bacilli,Bacillales,Bacillaceae,Bacteria; Bacillati; Bacillota; Bacilli; Bacillales; Bacillaceae; Bacillus
JPVW01000003,Bacillus subtilis subsp. subtilis,Bacteria,Bacillati,Bacillota,Bacilli,Bacillales,Bacillaceae,Bacteria; Bacillati; Bacillota; Bacilli; Bacillales; Bacillaceae; Bacillus
JPVX01000004,Bacillus subtilis subsp. subtilis,Bacteria,Bacillati,Bacillota,Bacilli,Bacillales,Bacillaceae,Bacteria; Bacillati; Bacillota; Bacilli; Bacillales; Bacillaceae; Bacillus
JPVW01000004,Bacillus subtilis subsp. subtilis,Bacteria,Bacillati,Bacillota,Bacilli,Bacillales,Bacillaceae,Bacteria; Bacillati; Bacillota; Bacilli; Bacillales; Bacillaceae; Bacillus
JPVX01000005,Bacillus subtilis subsp. subtilis,Bacteria,Bacillati,Bacillota,Bacilli,Bacillales,Bacillaceae,Bacteria; Bacillati; Bacillota; Bacilli; Bacillales; Bacillaceae; Bacillus
JPVW01000005,Bacillus subtilis subsp. subtilis,Bacteria,Bacillati,Bacillota,Bacilli,Bacillales,Bacillaceae,Bacteria; Bacillati; Bacillota; Bacilli; Bacillales; Bacillaceae; Bacillus
JPVX01000006,Bacillus subtilis subsp. subtilis,Bacteria,Bacillati,Bacillota,Bacilli,Bacillales,Bacillaceae,Bacteria; Bacillati; Bacillota; Bacilli; Bacillales; Bacillaceae; Bacillus
JPVW01000006,Bacillus subtilis subsp. subtilis,Bacteria,Bacillati,Bacillota,Bacilli,Bacillales,Bacillaceae,Bacteria; Bacillati; Bacillota; Bacilli; Bacillales; Bacillaceae; Bacillus
JPVX01000007,Bacillus subtilis subsp. subtilis,Bacteria,Bacillati,Bacillota,Bacilli,Bacillales,Bacillaceae,Bacteria; Bacillati; Bacillota; Bacilli; Bacillales; Bacillaceae; Bacillus
JPVX01000008,Bacillus subtilis subsp. subtilis,Bacteria,Bacillati,Bacillota,Bacilli,Bacillales,Bacillaceae,Bacteria; Bacillati; Bacillota; Bacilli; Bacillales; Bacillaceae; Bacillus
JPVW01000007,Bacillus subtilis subsp. subtilis,Bacteria,Bacillati,Bacillota,Bacilli,Bacillales,Bacillaceae,Bacteria; Bacillati; Bacillota; Bacilli; Bacillales; Bacillaceae; Bacillus
JPVX01000009,Bacillus subtilis subsp. subtilis,Bacteria,Bacillati,Bacillota,Bacilli,Bacillales,Bacillaceae,Bacteria; Bacillati; Bacillota; Bacilli; Bacillales; Bacillaceae; Bacillus
JPVW01000008,Bacillus subtilis subsp. subtilis,Bacteria,Bacillati,Bacillota,Bacilli,Bacillales,Bacillaceae,Bacteria; Bacillati; Bacillota; Bacilli; Bacillales; Bacillaceae; Bacillus
JPVX01000010,Bacillus subtilis subsp. subtilis,Bacteria,Bacillati,Bacillota,Bacilli,Bacillales,Bacillaceae,Bacteria; Bacillati; Bacillota; Bacilli; Bacillales; Bacillaceae; Bacillus
JPVW01000009,Bacillus subtilis subsp. subtilis,Bacteria,Bacillati,Bacillota,Bacilli,Bacillales,Bacillaceae,Bacteria; Bacillati; Bacillota; Bacilli; Bacillales; Bacillaceae; Bacillus
JPVX01000011,Bacillus subtilis subsp. subtilis,Bacteria,Bacillati,Bacillota,Bacilli,Bacillales,Bacillaceae,Bacteria; Bacillati; Bacillota; Bacilli; Bacillales; Bacillaceae; Bacillus
JPVX01000012,Bacillus subtilis subsp. subtilis,Bacteria,Bacillati,Bacillota,Bacilli,Bacillales,Bacillaceae,Bacteria; Bacillati; Bacillota; Bacilli; Bacillales; Bacillaceae; Bacillus
JPVW01000010,Bacillus subtilis subsp. subtilis,Bacteria,Bacillati,Bacillota,Bacilli,Bacillales,Bacillaceae,Bacteria; Bacillati; Bacillota; Bacilli; Bacillales; Bacillaceae; Bacillus
JNCN00000000,Bacillus subtilis,Bacteria,Bacillati,Bacillota,Bacilli,Bacillales,Bacillaceae,Bacteria; Bacillati; Bacillota; Bacilli; Bacillales; Bacillaceae; Bacillus
JNCM01000001,Bacillus subtilis subsp. subtilis str. 168,Bacteria,Bacillati,Bacillota,Bacilli,Bacillales,Bacillaceae,Bacteria; Bacillati; Bacillota; Bacilli; Bacillales; Bacillaceae; Bacillus
JNCM01000002,Bacillus subtilis subsp. subtilis str. 168,Bacteria,Bacillati,Bacillota,Bacilli,Bacillales,Bacillaceae,Bacteria; Bacillati; Bacillota; Bacilli; Bacillales; Bacillaceae; Bacillus
JNCM01000003,Bacillus subtilis subsp. subtilis str. 168,Bacteria,Bacillati,Bacillota,Bacilli,Bacillales,Bacillaceae,Bacteria; Bacillati; Bacillota; Bacilli; Bacillales; Bacillaceae; Bacillus
JNCN01000001,Bacillus subtilis,Bacteria,Bacillati,Bacillota,Bacilli,Bacillales,Bacillaceae,Bacteria; Bacillati; Bacillota; Bacilli; Bacillales; Bacillaceae; Bacillus
JNCN01000002,Bacillus subtilis,Bacteria,Bacillati,Bacillota,Bacilli,Bacillales,Bacillaceae,Bacteria; Bacillati; Bacillota; Bacilli; Bacillales; Bacillaceae; Bacillus
JNCM01000004,Bacillus subtilis subsp. subtilis str. 168,Bacteria,Bacillati,Bacillota,Bacilli,Bacillales,Bacillaceae,Bacteria; Bacillati; Bacillota; Bacilli; Bacillales; Bacillaceae; Bacillus
JNCN01000003,Bacillus subtilis,Bacteria,Bacillati,Bacillota,Bacilli,Bacillales,Bacillaceae,Bacteria; Bacillati; Bacillota; Bacilli; Bacillales; Bacillaceae; Bacillus
JNCM01000005,Bacillus subtilis subsp. subtilis str. 168,Bacteria,Bacillati,Bacillota,Bacilli,Bacillales,Bacillaceae,Bacteria; Bacillati; Bacillota; Bacilli; Bacillales; Bacillaceae; Bacillus
JNCN01000004,Bacillus subtilis,Bacteria,Bacillati,Bacillota,Bacilli,Bacillales,Bacillaceae,Bacteria; Bacillati; Bacillota; Bacilli; Bacillales; Bacillaceae; Bacillus
JNCM01000006,Bacillus subtilis subsp. subtilis str. 168,Bacteria,Bacillati,Bacillota,Bacilli,Bacillales,Bacillaceae,Bacteria; Bacillati; Bacillota; Bacilli; Bacillales; Bacillaceae; Bacillus
JNCN01000005,Bacillus subtilis,Bacteria,Bacillati,Bacillota,Bacilli,Bacillales,Bacillaceae,Bacteria; Bacillati; Bacillota; Bacilli; Bacillales; Bacillaceae; Bacillus
JNCM01000007,Bacillus subtilis subsp. subtilis str. 168,Bacteria,Bacillati,Bacillota,Bacilli,Bacillales,Bacillaceae,Bacteria; Bacillati; Bacillota; Bacilli; Bacillales; Bacillaceae; Bacillus
JNCN01000006,Bacillus subtilis,Bacteria,Bacillati,Bacillota,Bacilli,Bacillales,Bacillaceae,Bacteria; Bacillati; Bacillota; Bacilli; Bacillales; Bacillaceae; Bacillus
JNCM01000008,Bacillus subtilis subsp. subtilis str. 168,Bacteria,Bacillati,Bacillota,Bacilli,Bacillales,Bacillaceae,Bacteria; Bacillati; Bacillota; Bacilli; Bacillales; Bacillaceae; Bacillus
JNCN01000007,Bacillus subtilis,Bacteria,Bacillati,Bacillota,Bacilli,Bacillales,Bacillaceae,Bacteria; Bacillati; Bacillota; Bacilli; Bacillales; Bacillaceae; Bacillus
JNCM01000009,Bacillus subtilis subsp. subtilis str. 168,Bacteria,Bacillati,Bacillota,Bacilli,Bacillales,Bacillaceae,Bacteria; Bacillati; Bacillota; Bacilli; Bacillales; Bacillaceae; Bacillus
JNCN01000008,Bacillus subtilis,Bacteria,Bacillati,Bacillota,Bacilli,Bacillales,Bacillaceae,Bacteria; Bacillati; Bacillota; Bacilli; Bacillales; Bacillaceae; Bacillus
JNCM01000010,Bacillus subtilis subsp. subtilis str. 168,Bacteria,Bacillati,Bacillota,Bacilli,Bacillales,Bacillaceae,Bacteria; Bacillati; Bacillota; Bacilli; Bacillales; Bacillaceae; Bacillus
JNCN01000009,Bacillus subtilis,Bacteria,Bacillati,Bacillota,Bacilli,Bacillales,Bacillaceae,Bacteria; Bacillati; Bacillota; Bacilli; Bacillales; Bacillaceae; Bacillus
JNCM01000011,Bacillus subtilis subsp. subtilis str. 168,Bacteria,Bacillati,Bacillota,Bacilli,Bacillales,Bacillaceae,Bacteria; Bacillati; Bacillota; Bacilli; Bacillales; Bacillaceae; Bacillus
JNCN01000010,Bacillus subtilis,Bacteria,Bacillati,Bacillota,Bacilli,Bacillales,Bacillaceae,Bacteria; Bacillati; Bacillota; Bacilli; Bacillales; Bacillaceae; Bacillus
JNCM01000012,Bacillus subtilis subsp. subtilis str. 168,Bacteria,Bacillati,Bacillota,Bacilli,Bacillales,Bacillaceae,Bacteria; Bacillati; Bacillota; Bacilli; Bacillales; Bacillaceae; Bacillus
JNCN01000011,Bacillus subtilis,Bacteria,Bacillati,Bacillota,Bacilli,Bacillales,Bacillaceae,Bacteria; Bacillati; Bacillota; Bacilli; Bacillales; Bacillaceae; Bacillus
JNCM01000013,Bacillus subtilis subsp. subtilis str. 168,Bacteria,Bacillati,Bacillota,Bacilli,Bacillales,Bacillaceae,Bacteria; Bacillati; Bacillota; Bacilli; Bacillales; Bacillaceae; Bacillus
JNCN01000012,Bacillus subtilis,Bacteria,Bacillati,Bacillota,Bacilli,Bacillales,Bacillaceae,Bacteria; Bacillati; Bacillota; Bacilli; Bacillales; Bacillaceae; Bacillus
